[
    {
        "id": 1,
        "username": "张三",
        "userAvatar": "http://cdn.duitang.com/uploads/item/201409/18/20140918141220_N4Tic.thumb.700_0.jpeg",
        "desc": "这里是文字描述",
        "images": [],
        "video": {
            "id": 1,
            "url": "",
            "image": "https://ss1.bdstatic.com/70cFvXSh_Q1YnxGkpoWK1HF6hhy/it/u=2267040693,3719567402&fm=27&gp=0.jpg"
        },
        "address": "北京",
        "datetime": "2019-01-01 23:11:23",
        "isSelf": true,
        "comment": [],
        "share": null
    },
    {
        "id": 2,
        "username": "李四",
        "userAvatar": "http://cdn.duitang.com/uploads/item/201409/18/20140918141220_N4Tic.thumb.700_0.jpeg",
        "desc": "这里是文字描述这里是文字描述这里是文字描述这里是文字描述这里是文字描述这里是文字描述这里是文字描述这里是文字描述",
        "images": [
            {
                "id": 1,
                "image": "https://wx1.sinaimg.cn/bmiddle/0060lm7Tgy1g2jrij8yp8j30u011nwgi.jpg"
            },
            {
                "id": 2,
                "image": "https://wx2.sinaimg.cn/bmiddle/0060lm7Tgy1g2jrij5adoj30hs0npjsj.jpg"
            }
        ],
        "video": null,
        "address": "北京",
        "datetime": "2019-01-01 23:11:23",
        "isSelf": false,
        "comment": [],
        "share": null
    },
    {
        "id": 3,
        "username": "李四",
        "userAvatar": "http://cdn.duitang.com/uploads/item/201409/18/20140918141220_N4Tic.thumb.700_0.jpeg",
        "desc": "这是描述信息",
        "images": [
            {
                "id": 1,
                "image": "https://img.onvshen.com:85/girl/27084/27084_s.jpg"
            },
            {
                "id": 2,
                "image": "https://ss1.bdstatic.com/70cFvXSh_Q1YnxGkpoWK1HF6hhy/it/u=2267040693,3719567402&fm=27&gp=0.jpg"
            },
            {
                "id": 3,
                "image": "https://img.gsdlcn.com/uploads/190428/1-1Z42P32GV21.jpg"
            }
        ],
        "video": null,
        "address": "北京",
        "datetime": "2019-01-01 23:11:23",
        "isSelf": false,
        "comment": [],
        "share": null
    },
    {
        "id": 4,
        "username": "李四",
        "userAvatar": "http://cdn.duitang.com/uploads/item/201409/18/20140918141220_N4Tic.thumb.700_0.jpeg",
        "desc": "这是描述信息这是描述信息这是描述信息这是描述信息这是描述信息这是描述信息这是描述信息",
        "images": [
            {
                "id": 1,
                "image": "https://www.7160.com/templets/new7160/hotpic/2/s.jpg"
            },
            {
                "id": 2,
                "image": "https://img.gsdlcn.com/uploads/190318/1-1Z31P30922L8.jpg"
            },
            {
                "id": 3,
                "image": "https://img.gsdlcn.com/uploads/190428/1-1Z42P32GV21.jpg"
            },
            {
                "id": 4,
                "image": "https://img.gsdlcn.com/uploads/190423/1-1Z42303163Ma.jpg"
            },
            {
                "id": 5,
                "image": "https://img.gsdlcn.com/uploads/190426/1-1Z426045925P0.jpg"
            }
        ],
        "video": null,
        "address": "北京",
        "datetime": "2019-01-01 23:11:23",
        "isSelf": false,
        "comment": [],
        "share": null
    },
    {
        "id": 5,
        "username": "张三",
        "userAvatar": "http://cdn.duitang.com/uploads/item/201409/18/20140918141220_N4Tic.thumb.700_0.jpeg",
        "desc": "这是描述信息这是描述信息这是描述信息这是描述信息",
        "images": [

            {
                "id": 4,
                "image": "https://img.gsdlcn.com/uploads/190423/1-1Z42303163Ma.jpg"
            },
            {
                "id": 5,
                "image": "https://img.onvshen.com:85/girl/27094/27094_s.jpg"
            },
            {
                "id": 6,
                "image": "https://img.onvshen.com:85/girl/27093/27093_s.jpg"
            },
            {
                "id": 7,
                "image": "https://img.gsdlcn.com/uploads/190426/1-1Z426045925P0.jpg"
            },
            {
                "id": 8,
                "image": "https://img.gsdlcn.com/uploads/190426/1-1Z426220112340.jpg"
            },
            {
                "id": 1,
                "image": "https://img.onvshen.com:85/girl/19702/19702_s.jpg"
            },
            {
                "id": 2,
                "image": "https://img.onvshen.com:85/girl/27085/27085_s.jpg"
            },
            {
                "id": 3,
                "image": "https://img.gsdlcn.com/uploads/190428/1-1Z42P32GV21.jpg"
            },
            {
                "id": 9,
                "image": "https://img.onvshen.com:85/girl/27094/27094.jpg"
            }
        ],
        "video": null,
        "address": "北京",
        "datetime": "2019-01-01 23:11:23",
        "isSelf": true,
        "comment": [],
        "share": null
    }
]